ChokyosiCode,CH_SexCD,CH_TozaiCD,CH_Syotai
5691,1,3,兵庫　　　　　　　　
261,1,2,　　　　　　　　　　
341,1,1,　　　　　　　　　　
356,1,2,　　　　　　　　　　
359,1,1,　　　　　　　　　　
362,1,2,　　　　　　　　　　
365,1,2,　　　　　　　　　　
378,1,2,　　　　　　　　　　
380,1,1,　　　　　　　　　　
383,1,1,　　　　　　　　　　
386,1,1,　　　　　　　　　　
388,1,2,　　　　　　　　　　
392,1,1,　　　　　　　　　　
399,1,1,　　　　　　　　　　
402,1,1,　　　　　　　　　　
405,1,1,　　　　　　　　　　
408,1,1,　　　　　　　　　　
411,1,2,　　　　　　　　　　
412,1,1,　　　　　　　　　　
417,1,1,　　　　　　　　　　
419,1,2,　　　　　　　　　　
420,1,1,　　　　　　　　　　
421,1,1,　　　　　　　　　　
422,1,2,　　　　　　　　　　
423,1,1,　　　　　　　　　　
425,1,2,　　　　　　　　　　
427,1,2,　　　　　　　　　　
428,1,1,　　　　　　　　　　
429,1,2,　　　　　　　　　　
431,1,2,　　　　　　　　　　
434,1,2,　　　　　　　　　　
435,1,1,　　　　　　　　　　
436,1,1,　　　　　　　　　　
437,1,1,　　　　　　　　　　
438,1,2,　　　　　　　　　　
1002,1,2,　　　　　　　　　　
1003,1,2,　　　　　　　　　　
1005,1,1,　　　　　　　　　　
1006,1,2,　　　　　　　　　　
1007,1,1,　　　　　　　　　　
1008,1,1,　　　　　　　　　　
1009,1,2,　　　　　　　　　　
1010,1,1,　　　　　　　　　　
1011,1,2,　　　　　　　　　　
1012,1,1,　　　　　　　　　　
1014,1,1,　　　　　　　　　　
1016,1,2,　　　　　　　　　　
1017,1,1,　　　　　　　　　　
1018,1,2,　　　　　　　　　　
1020,1,1,　　　　　　　　　　
1021,1,2,　　　　　　　　　　
1022,1,2,　　　　　　　　　　
1023,1,1,　　　　　　　　　　
1024,1,1,　　　　　　　　　　
1026,1,1,　　　　　　　　　　
1027,1,1,　　　　　　　　　　
1028,1,2,　　　　　　　　　　
1029,1,1,　　　　　　　　　　
1030,1,1,　　　　　　　　　　
1031,1,1,　　　　　　　　　　
1032,1,2,　　　　　　　　　　
1033,1,2,　　　　　　　　　　
1035,1,1,　　　　　　　　　　
1036,1,1,　　　　　　　　　　
1038,1,1,　　　　　　　　　　
1039,1,2,　　　　　　　　　　
1040,1,2,　　　　　　　　　　
1041,1,2,　　　　　　　　　　
1042,1,2,　　　　　　　　　　
1043,1,1,　　　　　　　　　　
1044,1,2,　　　　　　　　　　
1046,1,2,　　　　　　　　　　
1047,1,1,　　　　　　　　　　
1048,1,1,　　　　　　　　　　
1049,1,2,　　　　　　　　　　
1050,1,2,　　　　　　　　　　
1051,1,1,　　　　　　　　　　
1052,1,1,　　　　　　　　　　
1054,1,1,　　　　　　　　　　
1055,1,2,　　　　　　　　　　
1056,1,1,　　　　　　　　　　
1057,1,2,　　　　　　　　　　
1058,1,2,　　　　　　　　　　
1059,1,1,　　　　　　　　　　
1061,1,2,　　　　　　　　　　
1062,1,2,　　　　　　　　　　
1063,1,1,　　　　　　　　　　
1064,1,1,　　　　　　　　　　
1065,1,2,　　　　　　　　　　
1066,1,2,　　　　　　　　　　
1067,1,1,　　　　　　　　　　
1068,1,1,　　　　　　　　　　
1069,1,2,　　　　　　　　　　
1070,1,1,　　　　　　　　　　
1071,1,2,　　　　　　　　　　
1072,1,2,　　　　　　　　　　
1073,1,2,　　　　　　　　　　
1074,1,1,　　　　　　　　　　
1075,1,2,　　　　　　　　　　
1076,1,1,　　　　　　　　　　
1077,1,1,　　　　　　　　　　
1078,1,2,　　　　　　　　　　
1079,1,1,　　　　　　　　　　
1080,1,1,　　　　　　　　　　
1081,1,1,　　　　　　　　　　
1082,1,2,　　　　　　　　　　
1083,1,2,　　　　　　　　　　
1084,1,2,　　　　　　　　　　
1085,1,2,　　　　　　　　　　
1086,1,1,　　　　　　　　　　
1087,1,2,　　　　　　　　　　
1088,1,1,　　　　　　　　　　
1089,1,1,　　　　　　　　　　
1090,1,1,　　　　　　　　　　
1091,1,2,　　　　　　　　　　
1092,1,2,　　　　　　　　　　
1093,1,1,　　　　　　　　　　
1094,1,1,　　　　　　　　　　
1095,1,2,　　　　　　　　　　
1096,1,1,　　　　　　　　　　
1097,1,1,　　　　　　　　　　
1098,1,2,　　　　　　　　　　
1099,1,2,　　　　　　　　　　
1100,1,1,　　　　　　　　　　
1101,1,2,　　　　　　　　　　
1102,1,1,　　　　　　　　　　
1103,1,1,　　　　　　　　　　
1104,1,2,　　　　　　　　　　
1105,1,2,　　　　　　　　　　
1106,1,1,　　　　　　　　　　
1107,1,2,　　　　　　　　　　
1108,1,1,　　　　　　　　　　
1109,1,1,　　　　　　　　　　
1110,1,2,　　　　　　　　　　
1111,1,2,　　　　　　　　　　
1112,1,1,　　　　　　　　　　
1113,1,2,　　　　　　　　　　
1114,1,1,　　　　　　　　　　
1115,1,1,　　　　　　　　　　
1116,1,1,　　　　　　　　　　
1117,1,2,　　　　　　　　　　
1118,1,1,　　　　　　　　　　
1119,1,1,　　　　　　　　　　
1120,1,2,　　　　　　　　　　
1121,1,2,　　　　　　　　　　
1123,1,2,　　　　　　　　　　
1124,1,1,　　　　　　　　　　
1125,1,1,　　　　　　　　　　
1126,1,1,　　　　　　　　　　
1127,1,1,　　　　　　　　　　
1128,1,2,　　　　　　　　　　
1129,1,2,　　　　　　　　　　
1130,1,2,　　　　　　　　　　
1131,1,1,　　　　　　　　　　
1132,1,1,　　　　　　　　　　
1133,1,1,　　　　　　　　　　
1134,1,1,　　　　　　　　　　
1135,1,2,　　　　　　　　　　
1136,1,2,　　　　　　　　　　
1137,1,2,　　　　　　　　　　
1138,1,2,　　　　　　　　　　
1139,1,2,　　　　　　　　　　
1140,1,2,　　　　　　　　　　
1141,1,1,　　　　　　　　　　
1142,1,2,　　　　　　　　　　
1143,1,1,　　　　　　　　　　
1144,1,2,　　　　　　　　　　
1145,1,1,　　　　　　　　　　
1146,1,2,　　　　　　　　　　
1147,1,1,　　　　　　　　　　
1148,1,2,　　　　　　　　　　
1149,1,2,　　　　　　　　　　
1150,1,1,　　　　　　　　　　
1151,1,2,　　　　　　　　　　
1152,1,1,　　　　　　　　　　
1153,1,1,　　　　　　　　　　
1154,1,2,　　　　　　　　　　
1155,1,2,　　　　　　　　　　
1156,1,1,　　　　　　　　　　
1157,1,2,　　　　　　　　　　
1158,1,2,　　　　　　　　　　
1159,1,2,　　　　　　　　　　
1160,1,2,　　　　　　　　　　
1161,1,2,　　　　　　　　　　
1162,1,1,　　　　　　　　　　
1163,1,1,　　　　　　　　　　
1164,1,2,　　　　　　　　　　
1165,1,1,　　　　　　　　　　
5311,1,3,北海道　　　　　　　
5453,1,3,北海道　　　　　　　
5509,1,3,北海道　　　　　　　
5609,1,3,浦和　　　　　　　　
5630,1,3,北海道　　　　　　　
5688,1,3,北海道　　　　　　　
5706,1,3,北海道　　　　　　　
5466,1,3,兵庫　　　　　　　　
5713,1,3,船橋　　　　　　　　
5720,1,3,岩手　　　　　　　　
5721,1,3,北海道　　　　　　　
101,1,1,　　　　　　　　　　
102,1,1,　　　　　　　　　　
103,1,1,　　　　　　　　　　
104,1,2,　　　　　　　　　　
106,1,1,　　　　　　　　　　
107,1,1,　　　　　　　　　　
108,1,2,　　　　　　　　　　
109,1,1,　　　　　　　　　　
110,1,2,　　　　　　　　　　
111,1,2,　　　　　　　　　　
112,1,1,　　　　　　　　　　
113,1,1,　　　　　　　　　　
114,1,2,　　　　　　　　　　
115,1,1,　　　　　　　　　　
116,1,2,　　　　　　　　　　
118,1,1,　　　　　　　　　　
119,1,1,　　　　　　　　　　
120,1,2,　　　　　　　　　　
121,1,1,　　　　　　　　　　
125,1,2,　　　　　　　　　　
128,1,2,　　　　　　　　　　
129,1,2,　　　　　　　　　　
130,1,2,　　　　　　　　　　
131,1,2,　　　　　　　　　　
132,1,2,　　　　　　　　　　
133,1,1,　　　　　　　　　　
135,1,1,　　　　　　　　　　
136,1,1,　　　　　　　　　　
137,1,2,　　　　　　　　　　
138,1,1,　　　　　　　　　　
139,1,1,　　　　　　　　　　
140,1,2,　　　　　　　　　　
141,1,1,　　　　　　　　　　
142,1,1,　　　　　　　　　　
143,1,1,　　　　　　　　　　
144,1,2,　　　　　　　　　　
145,1,2,　　　　　　　　　　
146,1,1,　　　　　　　　　　
147,1,2,　　　　　　　　　　
148,1,2,　　　　　　　　　　
149,1,1,　　　　　　　　　　
151,1,1,　　　　　　　　　　
152,1,1,　　　　　　　　　　
153,1,1,　　　　　　　　　　
155,1,1,　　　　　　　　　　
157,1,1,　　　　　　　　　　
158,1,2,　　　　　　　　　　
160,1,2,　　　　　　　　　　
161,1,2,　　　　　　　　　　
162,1,2,　　　　　　　　　　
163,1,1,　　　　　　　　　　
164,1,1,　　　　　　　　　　
165,1,1,　　　　　　　　　　
166,1,2,　　　　　　　　　　
167,1,1,　　　　　　　　　　
168,1,1,　　　　　　　　　　
169,1,1,　　　　　　　　　　
170,1,1,　　　　　　　　　　
171,1,1,　　　　　　　　　　
172,1,1,　　　　　　　　　　
173,1,1,　　　　　　　　　　
175,1,2,　　　　　　　　　　
176,1,1,　　　　　　　　　　
177,1,2,　　　　　　　　　　
178,1,1,　　　　　　　　　　
179,1,2,　　　　　　　　　　
180,1,2,　　　　　　　　　　
181,1,2,　　　　　　　　　　
182,1,1,　　　　　　　　　　
183,1,1,　　　　　　　　　　
184,1,1,　　　　　　　　　　
185,1,2,　　　　　　　　　　
186,1,1,　　　　　　　　　　
187,1,1,　　　　　　　　　　
188,1,1,　　　　　　　　　　
189,1,1,　　　　　　　　　　
190,1,1,　　　　　　　　　　
191,1,2,　　　　　　　　　　
192,1,1,　　　　　　　　　　
194,1,1,　　　　　　　　　　
195,1,2,　　　　　　　　　　
196,1,2,　　　　　　　　　　
197,1,2,　　　　　　　　　　
198,1,1,　　　　　　　　　　
199,1,2,　　　　　　　　　　
200,1,2,　　　　　　　　　　
201,1,2,　　　　　　　　　　
202,1,2,　　　　　　　　　　
203,1,2,　　　　　　　　　　
205,1,2,　　　　　　　　　　
206,1,1,　　　　　　　　　　
207,1,1,　　　　　　　　　　
208,1,1,　　　　　　　　　　
209,1,2,　　　　　　　　　　
210,1,1,　　　　　　　　　　
211,1,2,　　　　　　　　　　
212,1,2,　　　　　　　　　　
214,1,1,　　　　　　　　　　
216,1,2,　　　　　　　　　　
217,1,2,　　　　　　　　　　
218,1,1,　　　　　　　　　　
219,1,1,　　　　　　　　　　
221,1,2,　　　　　　　　　　
222,1,2,　　　　　　　　　　
223,1,2,　　　　　　　　　　
224,1,2,　　　　　　　　　　
225,1,2,　　　　　　　　　　
226,1,2,　　　　　　　　　　
227,1,2,　　　　　　　　　　
228,1,1,　　　　　　　　　　
229,1,2,　　　　　　　　　　
230,1,2,　　　　　　　　　　
231,1,1,　　　　　　　　　　
232,1,2,　　　　　　　　　　
234,1,2,　　　　　　　　　　
236,1,2,　　　　　　　　　　
237,1,2,　　　　　　　　　　
238,1,2,　　　　　　　　　　
239,1,1,　　　　　　　　　　
240,1,1,　　　　　　　　　　
241,1,1,　　　　　　　　　　
243,1,2,　　　　　　　　　　
244,1,2,　　　　　　　　　　
245,1,1,　　　　　　　　　　
246,1,2,　　　　　　　　　　
247,1,2,　　　　　　　　　　
248,1,1,　　　　　　　　　　
250,1,2,　　　　　　　　　　
251,1,2,　　　　　　　　　　
252,1,1,　　　　　　　　　　
253,1,2,　　　　　　　　　　
254,1,1,　　　　　　　　　　
255,1,1,　　　　　　　　　　
257,1,1,　　　　　　　　　　
258,1,2,　　　　　　　　　　
259,1,2,　　　　　　　　　　
260,1,2,　　　　　　　　　　
262,1,1,　　　　　　　　　　
263,1,1,　　　　　　　　　　
264,1,2,　　　　　　　　　　
265,1,2,　　　　　　　　　　
266,1,1,　　　　　　　　　　
267,1,1,　　　　　　　　　　
268,1,1,　　　　　　　　　　
269,1,2,　　　　　　　　　　
270,1,1,　　　　　　　　　　
271,1,1,　　　　　　　　　　
273,1,1,　　　　　　　　　　
274,1,1,　　　　　　　　　　
275,1,1,　　　　　　　　　　
277,1,1,　　　　　　　　　　
278,1,2,　　　　　　　　　　
279,1,2,　　　　　　　　　　
280,1,1,　　　　　　　　　　
281,1,1,　　　　　　　　　　
283,1,2,　　　　　　　　　　
284,1,1,　　　　　　　　　　
286,1,2,　　　　　　　　　　
288,1,2,　　　　　　　　　　
289,1,2,　　　　　　　　　　
290,1,1,　　　　　　　　　　
291,1,1,　　　　　　　　　　
292,1,1,　　　　　　　　　　
293,1,2,　　　　　　　　　　
294,1,1,　　　　　　　　　　
295,1,2,　　　　　　　　　　
296,1,2,　　　　　　　　　　
297,1,1,　　　　　　　　　　
298,1,1,　　　　　　　　　　
299,1,1,　　　　　　　　　　
300,1,2,　　　　　　　　　　
301,1,2,　　　　　　　　　　
302,1,2,　　　　　　　　　　
303,1,2,　　　　　　　　　　
304,1,2,　　　　　　　　　　
305,1,1,　　　　　　　　　　
306,1,1,　　　　　　　　　　
307,1,2,　　　　　　　　　　
308,1,2,　　　　　　　　　　
309,1,2,　　　　　　　　　　
310,1,1,　　　　　　　　　　
311,1,1,　　　　　　　　　　
312,1,1,　　　　　　　　　　
313,1,1,　　　　　　　　　　
314,1,1,　　　　　　　　　　
315,1,2,　　　　　　　　　　
317,1,1,　　　　　　　　　　
318,1,1,　　　　　　　　　　
319,1,1,　　　　　　　　　　
320,1,1,　　　　　　　　　　
321,1,1,　　　　　　　　　　
322,1,1,　　　　　　　　　　
323,1,1,　　　　　　　　　　
324,1,2,　　　　　　　　　　
325,1,1,　　　　　　　　　　
326,1,1,　　　　　　　　　　
327,1,1,　　　　　　　　　　
328,1,1,　　　　　　　　　　
329,1,2,　　　　　　　　　　
330,1,2,　　　　　　　　　　
331,1,2,　　　　　　　　　　
332,1,2,　　　　　　　　　　
333,1,2,　　　　　　　　　　
334,1,2,　　　　　　　　　　
335,1,1,　　　　　　　　　　
336,1,2,　　　　　　　　　　
337,1,2,　　　　　　　　　　
338,1,2,　　　　　　　　　　
339,1,1,　　　　　　　　　　
340,1,2,　　　　　　　　　　
342,1,2,　　　　　　　　　　
343,1,2,　　　　　　　　　　
344,1,1,　　　　　　　　　　
345,1,2,　　　　　　　　　　
346,1,2,　　　　　　　　　　
347,1,1,　　　　　　　　　　
348,1,2,　　　　　　　　　　
349,1,1,　　　　　　　　　　
350,1,2,　　　　　　　　　　
351,1,2,　　　　　　　　　　
352,1,1,　　　　　　　　　　
353,1,1,　　　　　　　　　　
354,1,2,　　　　　　　　　　
355,1,1,　　　　　　　　　　
357,1,2,　　　　　　　　　　
358,1,1,　　　　　　　　　　
360,1,2,　　　　　　　　　　
361,1,2,　　　　　　　　　　
363,1,2,　　　　　　　　　　
364,1,1,　　　　　　　　　　
366,1,1,　　　　　　　　　　
367,1,1,　　　　　　　　　　
368,1,2,　　　　　　　　　　
369,1,2,　　　　　　　　　　
370,1,1,　　　　　　　　　　
371,1,1,　　　　　　　　　　
372,1,2,　　　　　　　　　　
373,1,2,　　　　　　　　　　
374,1,1,　　　　　　　　　　
375,1,2,　　　　　　　　　　
376,1,1,　　　　　　　　　　
377,1,1,　　　　　　　　　　
379,1,2,　　　　　　　　　　
381,1,1,　　　　　　　　　　
382,1,2,　　　　　　　　　　
384,1,2,　　　　　　　　　　
385,1,1,　　　　　　　　　　
387,1,2,　　　　　　　　　　
389,1,2,　　　　　　　　　　
390,1,1,　　　　　　　　　　
391,1,1,　　　　　　　　　　
393,1,1,　　　　　　　　　　
394,1,1,　　　　　　　　　　
395,1,2,　　　　　　　　　　
396,1,2,　　　　　　　　　　
397,1,2,　　　　　　　　　　
398,1,2,　　　　　　　　　　
400,1,2,　　　　　　　　　　
401,1,1,　　　　　　　　　　
403,1,1,　　　　　　　　　　
404,1,1,　　　　　　　　　　
406,1,2,　　　　　　　　　　
407,1,2,　　　　　　　　　　
409,1,1,　　　　　　　　　　
410,1,1,　　　　　　　　　　
413,1,2,　　　　　　　　　　
414,1,1,　　　　　　　　　　
415,1,1,　　　　　　　　　　
416,1,2,　　　　　　　　　　
418,1,1,　　　　　　　　　　
424,1,1,　　　　　　　　　　
426,1,1,　　　　　　　　　　
430,1,1,　　　　　　　　　　
432,1,1,　　　　　　　　　　
433,1,1,　　　　　　　　　　
800,1,4,　　　　　　　　　　
801,1,4,　　　　　　　　　　
802,1,4,　　　　　　　　　　
803,1,4,カナダ　　　　　　　
804,1,4,イギリス　　　　　　
805,1,3,　　　　　　　　　　
806,1,3,大井　　　　　　　　
807,1,3,笠松　　　　　　　　
808,1,4,　　　　　　　　　　
809,1,4,フランス　　　　　　
811,1,4,アメリカ　　　　　　
812,1,4,アイルランド　　　　
813,1,3,　　　　　　　　　　
814,1,3,高崎　　　　　　　　
815,1,3,　　　　　　　　　　
816,1,3,船橋　　　　　　　　
817,1,4,　　　　　　　　　　
818,1,4,　　　　　　　　　　
819,1,4,　　　　　　　　　　
820,1,4,　　　　　　　　　　
821,1,3,　　　　　　　　　　
822,1,3,船橋　　　　　　　　
823,1,3,愛知　　　　　　　　
824,1,3,川崎　　　　　　　　
825,1,4,イギリス　　　　　　
826,1,4,イギリス　　　　　　
830,1,3,浦和　　　　　　　　
831,1,3,　　　　　　　　　　
834,1,3,船橋　　　　　　　　
835,1,3,　　　　　　　　　　
836,1,3,岩手　　　　　　　　
837,1,3,　　　　　　　　　　
838,1,4,　　　　　　　　　　
839,1,4,フランス　　　　　　
840,1,4,イギリス　　　　　　
841,1,4,　　　　　　　　　　
842,1,4,ニュージーランド　　
843,1,3,　　　　　　　　　　
844,1,3,北海道　　　　　　　
845,1,3,北海道　　　　　　　
846,1,3,北海道　　　　　　　
847,1,3,笠松　　　　　　　　
848,1,3,　　　　　　　　　　
849,1,3,愛知　　　　　　　　
850,1,3,　　　　　　　　　　
851,1,3,兵庫　　　　　　　　
852,1,3,佐賀　　　　　　　　
853,1,3,新潟　　　　　　　　
854,1,3,　　　　　　　　　　
855,1,3,新潟　　　　　　　　
856,1,3,船橋　　　　　　　　
857,1,4,フランス　　　　　　
858,1,4,イギリス　　　　　　
859,1,4,オーストラリア　　　
860,1,4,　　　　　　　　　　
861,1,3,大井　　　　　　　　
862,1,3,北海道　　　　　　　
863,1,3,北海道　　　　　　　
864,1,3,北海道　　　　　　　
865,1,3,愛知　　　　　　　　
866,1,3,笠松　　　　　　　　
867,1,3,　　　　　　　　　　
868,1,3,大井　　　　　　　　
869,1,3,佐賀　　　　　　　　
870,1,3,荒尾　　　　　　　　
871,1,3,新潟　　　　　　　　
873,1,3,浦和　　　　　　　　
874,1,3,船橋　　　　　　　　
875,1,3,　　　　　　　　　　
876,1,4,　　　　　　　　　　
877,1,4,アメリカ　　　　　　
878,1,4,アメリカ　　　　　　
879,1,4,イタリア　　　　　　
880,1,4,ドイツ　　　　　　　
881,1,3,笠松　　　　　　　　
882,1,3,荒尾　　　　　　　　
883,1,4,　　　　　　　　　　
884,1,4,　　　　　　　　　　
885,1,3,北海道　　　　　　　
886,1,3,北海道　　　　　　　
887,1,3,北海道　　　　　　　
888,1,3,大井　　　　　　　　
889,1,3,栃木　　　　　　　　
917,1,3,愛知　　　　　　　　
921,1,3,愛知　　　　　　　　
922,1,3,　　　　　　　　　　
923,1,3,船橋　　　　　　　　
924,1,4,インド　　　　　　　
925,1,4,　　　　　　　　　　
926,1,4,　　　　　　　　　　
927,1,4,　　　　　　　　　　
928,1,4,アメリカ　　　　　　
929,1,4,　　　　　　　　　　
930,1,4,　　　　　　　　　　
931,1,4,　　　　　　　　　　
932,1,4,フランス　　　　　　
933,1,4,　　　　　　　　　　
934,1,4,　　　　　　　　　　
935,1,4,　　　　　　　　　　
936,1,4,　　　　　　　　　　
937,1,4,　　　　　　　　　　
938,1,4,アメリカ　　　　　　
939,1,4,　　　　　　　　　　
940,1,4,　　　　　　　　　　
941,1,3,笠松　　　　　　　　
942,1,3,愛知　　　　　　　　
943,1,3,愛知　　　　　　　　
944,1,3,愛知　　　　　　　　
945,1,4,　　　　　　　　　　
946,1,4,　　　　　　　　　　
947,1,4,イギリス　　　　　　
948,1,4,ドイツ　　　　　　　
949,1,4,　　　　　　　　　　
950,1,4,　　　　　　　　　　
951,1,3,　　　　　　　　　　
952,1,4,アメリカ　　　　　　
953,1,4,イギリス　　　　　　
954,1,4,イタリア　　　　　　
955,1,4,オーストラリア　　　
956,1,4,ニュージーランド　　
957,1,4,アメリカ　　　　　　
958,1,4,オーストラリア　　　
959,1,3,大井　　　　　　　　
961,1,3,　　　　　　　　　　
962,1,3,　　　　　　　　　　
963,1,3,笠松　　　　　　　　
964,1,3,浦和　　　　　　　　
965,1,3,笠松　　　　　　　　
966,1,4,　　　　　　　　　　
967,1,4,　　　　　　　　　　
968,1,4,　　　　　　　　　　
969,1,4,　　　　　　　　　　
970,1,4,イギリス　　　　　　
971,1,4,　　　　　　　　　　
972,1,4,アイルランド　　　　
973,1,4,　　　　　　　　　　
974,1,4,　　　　　　　　　　
975,1,3,船橋　　　　　　　　
976,1,3,大井　　　　　　　　
977,1,3,　　　　　　　　　　
978,1,3,　　　　　　　　　　
979,1,3,大井　　　　　　　　
980,1,4,　　　　　　　　　　
981,1,4,フランス　　　　　　
982,1,4,アメリカ　　　　　　
983,1,4,　　　　　　　　　　
984,1,4,　　　　　　　　　　
985,1,4,オーストラリア　　　
986,1,4,　　　　　　　　　　
987,1,4,フランス　　　　　　
1001,1,1,　　　　　　　　　　
1004,1,1,　　　　　　　　　　
1013,1,1,　　　　　　　　　　
1015,1,2,　　　　　　　　　　
1019,1,1,　　　　　　　　　　
1025,1,2,　　　　　　　　　　
1034,1,1,　　　　　　　　　　
1037,1,2,　　　　　　　　　　
1045,1,1,　　　　　　　　　　
1053,1,2,　　　　　　　　　　
1060,1,2,　　　　　　　　　　
1122,1,2,　　　　　　　　　　
1166,1,2,　　　　　　　　　　
1167,1,1,　　　　　　　　　　
1168,1,2,　　　　　　　　　　
1169,1,1,　　　　　　　　　　
1170,1,2,　　　　　　　　　　
5000,1,3,新潟　　　　　　　　
5001,1,3,金沢　　　　　　　　
5002,1,3,新潟　　　　　　　　
5003,1,3,宇都宮　　　　　　　
5004,1,3,佐賀　　　　　　　　
5005,1,3,佐賀　　　　　　　　
5006,1,3,大井　　　　　　　　
5007,1,3,大井　　　　　　　　
5008,2,4,アメリカ　　　　　　
5009,1,4,オーストラリア　　　
5010,1,4,アメリカ　　　　　　
5011,1,4,アメリカ　　　　　　
5012,1,3,栃木　　　　　　　　
5013,1,3,川崎　　　　　　　　
5014,1,3,愛知　　　　　　　　
5015,1,3,浦和　　　　　　　　
5016,1,4,アラブ首長国連邦　　
5017,1,4,アメリカ　　　　　　
5018,1,3,高崎　　　　　　　　
5019,1,3,足利　　　　　　　　
5020,1,3,大井　　　　　　　　
5021,1,3,北海道　　　　　　　
5022,1,3,岩手　　　　　　　　
5023,1,3,岩手　　　　　　　　
5024,1,3,北海道　　　　　　　
5025,1,3,北海道　　　　　　　
5026,1,3,新潟　　　　　　　　
5027,1,3,新潟　　　　　　　　
5028,1,3,新潟　　　　　　　　
5029,1,3,岩手　　　　　　　　
5030,1,3,中津　　　　　　　　
5031,1,3,高崎　　　　　　　　
5032,1,3,笠松　　　　　　　　
5033,1,3,岩手　　　　　　　　
5034,1,3,新潟　　　　　　　　
5035,1,3,上山　　　　　　　　
5036,1,3,新潟　　　　　　　　
5037,1,4,アメリカ　　　　　　
5038,1,4,アメリカ　　　　　　
5039,2,4,フランス　　　　　　
5040,2,4,オーストラリア　　　
5041,1,4,オーストラリア　　　
5042,1,4,カナダ　　　　　　　
5043,1,3,新潟　　　　　　　　
5044,1,3,金沢　　　　　　　　
5045,1,3,荒尾　　　　　　　　
5046,1,3,荒尾　　　　　　　　
5047,1,3,笠松　　　　　　　　
5048,1,3,笠松　　　　　　　　
5049,1,3,川崎　　　　　　　　
5050,1,3,高崎　　　　　　　　
5051,1,3,大井　　　　　　　　
5052,1,3,高崎　　　　　　　　
5053,1,3,愛知　　　　　　　　
5054,1,3,北海道　　　　　　　
5055,1,3,北海道　　　　　　　
5056,1,3,北海道　　　　　　　
5057,1,3,岩手　　　　　　　　
5058,1,3,佐賀　　　　　　　　
5059,1,3,佐賀　　　　　　　　
5060,1,3,荒尾　　　　　　　　
5061,1,3,北海道　　　　　　　
5062,1,3,岩手　　　　　　　　
5063,1,3,船橋　　　　　　　　
5064,1,3,大井　　　　　　　　
5065,1,3,高崎　　　　　　　　
5066,1,3,高崎　　　　　　　　
5067,1,3,岩手　　　　　　　　
5068,1,4,アメリカ　　　　　　
5069,1,4,イギリス　　　　　　
5070,1,3,佐賀　　　　　　　　
5071,1,3,笠松　　　　　　　　
5072,1,3,浦和　　　　　　　　
5073,1,3,新潟　　　　　　　　
5074,1,3,高知　　　　　　　　
5075,1,3,栃木　　　　　　　　
5076,1,3,笠松　　　　　　　　
5077,1,3,愛知　　　　　　　　
5078,1,3,愛知　　　　　　　　
5079,1,3,笠松　　　　　　　　
5080,1,4,オーストラリア　　　
5081,1,3,上山　　　　　　　　
5082,1,3,高崎　　　　　　　　
5083,1,3,上山　　　　　　　　
5084,1,3,上山　　　　　　　　
5085,1,3,北海道　　　　　　　
5086,1,3,上山　　　　　　　　
5087,1,3,北海道　　　　　　　
5088,1,3,岩手　　　　　　　　
5089,1,3,岩手　　　　　　　　
5090,1,3,北海道　　　　　　　
5091,1,3,北海道　　　　　　　
5092,1,3,高崎　　　　　　　　
5093,1,3,北海道　　　　　　　
5094,1,3,北海道　　　　　　　
5095,1,3,北海道　　　　　　　
5096,1,3,笠松　　　　　　　　
5097,1,3,愛知　　　　　　　　
5098,1,3,愛知　　　　　　　　
5099,1,3,佐賀　　　　　　　　
5100,1,3,高崎　　　　　　　　
5101,1,3,浦和　　　　　　　　
5102,1,3,上山　　　　　　　　
5103,1,3,新潟　　　　　　　　
5104,1,3,北海道　　　　　　　
5105,1,3,北海道　　　　　　　
5106,1,3,佐賀　　　　　　　　
5107,1,3,中津　　　　　　　　
5108,1,3,北海道　　　　　　　
5109,1,3,佐賀　　　　　　　　
5110,1,3,北海道　　　　　　　
5111,1,3,北海道　　　　　　　
5112,1,3,中津　　　　　　　　
5113,1,3,船橋　　　　　　　　
5114,1,3,岩手　　　　　　　　
5115,1,3,笠松　　　　　　　　
5116,1,3,高崎　　　　　　　　
5117,1,3,愛知　　　　　　　　
5118,1,3,上山　　　　　　　　
5119,1,3,上山　　　　　　　　
5120,1,3,大井　　　　　　　　
5121,1,3,浦和　　　　　　　　
5122,1,3,笠松　　　　　　　　
5123,1,3,岩手　　　　　　　　
5124,1,3,新潟　　　　　　　　
5125,1,3,愛知　　　　　　　　
5126,1,3,船橋　　　　　　　　
5127,1,4,イギリス　　　　　　
5128,1,4,フランス　　　　　　
5129,1,4,アイルランド　　　　
5130,1,4,オーストラリア　　　
5131,1,3,愛知　　　　　　　　
5132,1,3,笠松　　　　　　　　
5133,1,4,アメリカ　　　　　　
5134,1,4,アメリカ　　　　　　
5135,2,4,フランス　　　　　　
5136,1,3,高崎　　　　　　　　
5137,1,3,岩手　　　　　　　　
5138,1,3,岩手　　　　　　　　
5139,1,3,愛知　　　　　　　　
5140,1,3,愛知　　　　　　　　
5141,1,3,船橋　　　　　　　　
5142,1,3,岩手　　　　　　　　
5143,1,3,愛知　　　　　　　　
5144,1,3,愛知　　　　　　　　
5145,1,3,高崎　　　　　　　　
5146,1,3,新潟　　　　　　　　
5147,1,3,船橋　　　　　　　　
5148,1,3,船橋　　　　　　　　
5149,1,3,愛知　　　　　　　　
5150,1,3,新潟　　　　　　　　
5151,1,3,高崎　　　　　　　　
5152,1,4,アラブ首長国連邦　　
5153,1,3,新潟　　　　　　　　
5154,1,3,愛知　　　　　　　　
5155,1,3,愛知　　　　　　　　
5156,1,4,香港　　　　　　　　
5157,1,3,岩手　　　　　　　　
5158,1,3,北海道　　　　　　　
5159,1,3,上山　　　　　　　　
5160,1,3,金沢　　　　　　　　
5161,1,3,岩手　　　　　　　　
5162,1,3,北海道　　　　　　　
5163,1,3,北海道　　　　　　　
5164,1,3,北海道　　　　　　　
5165,1,3,上山　　　　　　　　
5166,1,3,愛知　　　　　　　　
5167,1,3,笠松　　　　　　　　
5168,1,3,新潟　　　　　　　　
5169,1,3,岩手　　　　　　　　
5170,1,3,新潟　　　　　　　　
5171,1,3,笠松　　　　　　　　
5172,1,3,岩手　　　　　　　　
5173,1,3,北海道　　　　　　　
5174,1,3,船橋　　　　　　　　
5175,1,3,栃木　　　　　　　　
5176,1,3,船橋　　　　　　　　
5177,1,3,愛知　　　　　　　　
5178,1,3,愛知　　　　　　　　
5179,1,3,岩手　　　　　　　　
5180,1,3,笠松　　　　　　　　
5181,1,3,岩手　　　　　　　　
5182,1,3,大井　　　　　　　　
5183,1,3,笠松　　　　　　　　
5184,1,3,上山　　　　　　　　
5185,1,3,愛知　　　　　　　　
5186,1,3,上山　　　　　　　　
5187,1,3,笠松　　　　　　　　
5188,1,4,イギリス　　　　　　
5189,1,4,ドイツ　　　　　　　
5190,1,4,香港　　　　　　　　
5191,1,4,カナダ　　　　　　　
5192,1,3,愛知　　　　　　　　
5193,1,3,笠松　　　　　　　　
5194,1,4,イギリス　　　　　　
5195,1,3,川崎　　　　　　　　
5196,1,3,高崎　　　　　　　　
5197,1,3,浦和　　　　　　　　
5198,1,3,愛知　　　　　　　　
5199,1,3,岩手　　　　　　　　
5200,1,3,愛知　　　　　　　　
5201,1,3,笠松　　　　　　　　
5202,1,3,金沢　　　　　　　　
5203,1,3,船橋　　　　　　　　
5204,1,3,大井　　　　　　　　
5205,1,3,金沢　　　　　　　　
5206,1,3,笠松　　　　　　　　
5207,1,3,高崎　　　　　　　　
5208,1,3,船橋　　　　　　　　
5209,1,3,高崎　　　　　　　　
5210,1,3,高崎　　　　　　　　
5211,1,3,新潟　　　　　　　　
5212,1,3,愛知　　　　　　　　
5213,1,3,浦和　　　　　　　　
5214,1,3,愛知　　　　　　　　
5215,1,3,浦和　　　　　　　　
5216,1,3,岩手　　　　　　　　
5217,1,3,岩手　　　　　　　　
5218,1,3,新潟　　　　　　　　
5219,1,3,上山　　　　　　　　
5220,1,3,愛知　　　　　　　　
5221,1,3,荒尾　　　　　　　　
5222,1,3,兵庫　　　　　　　　
5223,1,3,荒尾　　　　　　　　
5224,1,3,兵庫　　　　　　　　
5225,1,3,荒尾　　　　　　　　
5226,1,3,北海道　　　　　　　
5227,1,3,荒尾　　　　　　　　
5228,1,3,北海道　　　　　　　
5229,1,3,北海道　　　　　　　
5230,1,3,愛知　　　　　　　　
5231,1,3,浦和　　　　　　　　
5232,1,3,兵庫　　　　　　　　
5233,1,3,北海道　　　　　　　
5234,1,3,船橋　　　　　　　　
5235,1,3,金沢　　　　　　　　
5236,1,3,笠松　　　　　　　　
5237,1,3,笠松　　　　　　　　
5238,1,3,船橋　　　　　　　　
5239,1,3,愛知　　　　　　　　
5240,1,3,兵庫　　　　　　　　
5241,1,3,新潟　　　　　　　　
5242,1,3,愛知　　　　　　　　
5243,1,3,高崎　　　　　　　　
5244,1,3,笠松　　　　　　　　
5245,1,3,上山　　　　　　　　
5246,1,3,船橋　　　　　　　　
5247,1,3,上山　　　　　　　　
5248,1,3,岩手　　　　　　　　
5249,1,3,上山　　　　　　　　
5250,1,3,川崎　　　　　　　　
5251,1,3,兵庫　　　　　　　　
5252,1,4,イギリス　　　　　　
5253,1,4,イギリス　　　　　　
5254,1,4,ドイツ　　　　　　　
5255,1,3,栃木　　　　　　　　
5256,1,3,佐賀　　　　　　　　
5257,1,3,佐賀　　　　　　　　
5258,1,3,笠松　　　　　　　　
5259,1,3,荒尾　　　　　　　　
5260,1,3,兵庫　　　　　　　　
5261,1,3,栃木　　　　　　　　
5262,1,3,川崎　　　　　　　　
5263,1,3,愛知　　　　　　　　
5264,1,3,兵庫　　　　　　　　
5265,1,3,高崎　　　　　　　　
5266,1,3,兵庫　　　　　　　　
5267,1,3,新潟　　　　　　　　
5268,1,3,兵庫　　　　　　　　
5269,1,3,笠松　　　　　　　　
5270,1,3,愛知　　　　　　　　
5271,1,3,高崎　　　　　　　　
5272,1,3,笠松　　　　　　　　
5273,1,3,浦和　　　　　　　　
5274,1,3,愛知　　　　　　　　
5275,1,3,川崎　　　　　　　　
5276,1,3,兵庫　　　　　　　　
5277,1,3,兵庫　　　　　　　　
5278,1,3,中津　　　　　　　　
5279,1,3,愛知　　　　　　　　
5280,1,3,愛知　　　　　　　　
5281,1,3,愛知　　　　　　　　
5282,1,3,高崎　　　　　　　　
5283,1,3,船橋　　　　　　　　
5284,1,3,愛知　　　　　　　　
5285,1,3,兵庫　　　　　　　　
5286,1,3,高知　　　　　　　　
5287,1,3,愛知　　　　　　　　
5288,1,3,川崎　　　　　　　　
5289,1,3,兵庫　　　　　　　　
5290,1,3,兵庫　　　　　　　　
5291,1,3,兵庫　　　　　　　　
5292,1,4,アメリカ　　　　　　
5293,1,4,イギリス　　　　　　
5294,2,4,イギリス　　　　　　
5295,1,4,フランス　　　　　　
5296,1,4,フランス　　　　　　
5297,1,4,アイルランド　　　　
5298,1,3,笠松　　　　　　　　
5299,1,3,上山　　　　　　　　
5300,1,3,愛知　　　　　　　　
5301,1,3,北海道　　　　　　　
5302,1,3,川崎　　　　　　　　
5303,1,3,船橋　　　　　　　　
5304,1,3,佐賀　　　　　　　　
5305,1,3,荒尾　　　　　　　　
5306,1,3,佐賀　　　　　　　　
5307,1,3,佐賀　　　　　　　　
5308,1,3,金沢　　　　　　　　
5309,1,3,兵庫　　　　　　　　
5310,1,3,船橋　　　　　　　　
5312,1,3,岩手　　　　　　　　
5313,1,3,岩手　　　　　　　　
5314,1,4,香港　　　　　　　　
5315,1,3,船橋　　　　　　　　
5316,1,3,兵庫　　　　　　　　
5317,1,3,兵庫　　　　　　　　
5318,1,3,大井　　　　　　　　
5319,1,3,栃木　　　　　　　　
5320,1,3,岩手　　　　　　　　
5321,1,3,兵庫　　　　　　　　
5322,1,3,愛知　　　　　　　　
5323,1,3,金沢　　　　　　　　
5324,1,3,兵庫　　　　　　　　
5325,1,4,アメリカ　　　　　　
5326,1,4,アメリカ　　　　　　
5327,2,4,フランス　　　　　　
5328,1,3,兵庫　　　　　　　　
5329,1,3,笠松　　　　　　　　
5330,1,3,兵庫　　　　　　　　
5331,1,3,川崎　　　　　　　　
5332,2,3,川崎　　　　　　　　
5333,1,3,佐賀　　　　　　　　
5334,1,3,佐賀　　　　　　　　
5335,1,3,川崎　　　　　　　　
5336,1,3,栃木　　　　　　　　
5337,1,3,浦和　　　　　　　　
5338,1,3,栃木　　　　　　　　
5339,1,3,笠松　　　　　　　　
5340,1,4,ニュージーランド　　
5341,1,4,オーストラリア　　　
5342,1,3,金沢　　　　　　　　
5343,1,3,佐賀　　　　　　　　
5344,2,4,アメリカ　　　　　　
5345,1,3,高崎　　　　　　　　
5346,1,3,愛知　　　　　　　　
5347,1,3,兵庫　　　　　　　　
5348,1,3,笠松　　　　　　　　
5349,1,3,上山　　　　　　　　
5350,1,3,兵庫　　　　　　　　
5351,1,4,オーストラリア　　　
5352,1,3,兵庫　　　　　　　　
5353,1,3,川崎　　　　　　　　
5354,1,3,浦和　　　　　　　　
5355,1,3,上山　　　　　　　　
5356,1,3,新潟　　　　　　　　
5357,1,3,愛知　　　　　　　　
5358,1,3,岩手　　　　　　　　
5359,1,3,佐賀　　　　　　　　
5360,1,3,高崎　　　　　　　　
5361,1,3,新潟　　　　　　　　
5362,1,3,岩手　　　　　　　　
5363,1,3,荒尾　　　　　　　　
5364,1,3,北海道　　　　　　　
5365,1,3,岩手　　　　　　　　
5366,1,3,愛知　　　　　　　　
5367,1,3,金沢　　　　　　　　
5368,1,3,愛知　　　　　　　　
5369,1,3,上山　　　　　　　　
5370,1,3,兵庫　　　　　　　　
5371,1,3,栃木　　　　　　　　
5372,1,3,上山　　　　　　　　
5373,1,3,川崎　　　　　　　　
5374,1,3,兵庫　　　　　　　　
5375,1,3,栃木　　　　　　　　
5376,1,4,アメリカ　　　　　　
5377,1,4,アメリカ　　　　　　
5378,1,4,ドイツ　　　　　　　
5379,1,4,ドイツ　　　　　　　
5380,1,4,アメリカ　　　　　　
5381,1,3,兵庫　　　　　　　　
5382,1,3,金沢　　　　　　　　
5383,1,3,船橋　　　　　　　　
5384,1,3,兵庫　　　　　　　　
5385,1,3,兵庫　　　　　　　　
5386,1,3,愛知　　　　　　　　
5387,1,3,兵庫　　　　　　　　
5388,1,3,川崎　　　　　　　　
5389,1,3,兵庫　　　　　　　　
5390,1,3,金沢　　　　　　　　
5391,1,3,川崎　　　　　　　　
5392,1,3,川崎　　　　　　　　
5393,1,3,川崎　　　　　　　　
5394,1,3,船橋　　　　　　　　
5395,1,3,兵庫　　　　　　　　
5396,1,3,高崎　　　　　　　　
5397,1,3,愛知　　　　　　　　
5398,1,4,フランス　　　　　　
5399,1,4,フランス　　　　　　
5400,1,3,兵庫　　　　　　　　
5401,1,4,アメリカ　　　　　　
5402,1,4,イギリス　　　　　　
5403,1,4,イギリス　　　　　　
5404,1,3,兵庫　　　　　　　　
5405,1,4,香港　　　　　　　　
5406,1,3,高崎　　　　　　　　
5407,1,3,大井　　　　　　　　
5408,1,3,愛知　　　　　　　　
5409,1,3,兵庫　　　　　　　　
5410,1,3,浦和　　　　　　　　
5411,1,3,愛知　　　　　　　　
5412,1,3,栃木　　　　　　　　
5413,1,3,兵庫　　　　　　　　
5414,1,3,荒尾　　　　　　　　
5415,1,3,高崎　　　　　　　　
5416,1,3,荒尾　　　　　　　　
5417,1,3,岩手　　　　　　　　
5418,1,3,栃木　　　　　　　　
5419,1,3,兵庫　　　　　　　　
5420,1,3,佐賀　　　　　　　　
5421,1,3,栃木　　　　　　　　
5422,1,3,笠松　　　　　　　　
5423,1,3,金沢　　　　　　　　
5424,1,3,川崎　　　　　　　　
5425,1,3,金沢　　　　　　　　
5426,1,3,栃木　　　　　　　　
5427,1,3,兵庫　　　　　　　　
5428,1,3,上山　　　　　　　　
5429,1,3,船橋　　　　　　　　
5430,1,4,イギリス　　　　　　
5431,1,4,イタリア　　　　　　
5432,1,4,アメリカ　　　　　　
5433,1,4,香港　　　　　　　　
5434,1,4,ドイツ　　　　　　　
5435,1,3,兵庫　　　　　　　　
5436,1,3,船橋　　　　　　　　
5437,1,3,兵庫　　　　　　　　
5438,1,3,高崎　　　　　　　　
5439,1,3,川崎　　　　　　　　
5440,1,3,栃木　　　　　　　　
5441,1,4,ニュージーランド　　
5442,1,4,アメリカ　　　　　　
5443,1,3,兵庫　　　　　　　　
5444,1,4,フランス　　　　　　
5445,1,3,船橋　　　　　　　　
5446,1,3,浦和　　　　　　　　
5447,1,3,船橋　　　　　　　　
5448,1,3,兵庫　　　　　　　　
5449,1,3,上山　　　　　　　　
5450,1,3,佐賀　　　　　　　　
5451,1,3,上山　　　　　　　　
5452,1,3,金沢　　　　　　　　
5454,1,3,金沢　　　　　　　　
5455,1,3,船橋　　　　　　　　
5456,1,3,佐賀　　　　　　　　
5457,1,3,笠松　　　　　　　　
5458,1,3,荒尾　　　　　　　　
5459,1,3,岩手　　　　　　　　
5460,1,3,北海道　　　　　　　
5461,1,3,船橋　　　　　　　　
5462,1,3,浦和　　　　　　　　
5463,1,3,岩手　　　　　　　　
5464,1,4,フランス　　　　　　
5465,1,3,川崎　　　　　　　　
5467,1,3,金沢　　　　　　　　
5468,1,4,イギリス　　　　　　
5469,1,4,フランス　　　　　　
5470,1,3,兵庫　　　　　　　　
5471,1,4,オーストラリア　　　
5472,1,4,アメリカ　　　　　　
5473,1,4,フランス　　　　　　
5474,1,4,アメリカ　　　　　　
5475,1,4,アメリカ　　　　　　
5476,1,3,浦和　　　　　　　　
5477,1,3,栃木　　　　　　　　
5478,1,3,兵庫　　　　　　　　
5479,1,3,兵庫　　　　　　　　
5480,1,3,笠松　　　　　　　　
5481,1,3,岩手　　　　　　　　
5482,1,3,兵庫　　　　　　　　
5483,1,3,栃木　　　　　　　　
5484,1,3,浦和　　　　　　　　
5485,1,3,兵庫　　　　　　　　
5486,1,3,愛知　　　　　　　　
5487,1,3,大井　　　　　　　　
5488,1,3,船橋　　　　　　　　
5489,1,3,船橋　　　　　　　　
5490,1,3,愛知　　　　　　　　
5491,1,3,大井　　　　　　　　
5492,1,3,大井　　　　　　　　
5493,1,4,オーストラリア　　　
5494,1,4,ニュージーランド　　
5495,1,3,大井　　　　　　　　
5496,1,3,船橋　　　　　　　　
5497,1,4,フランス　　　　　　
5498,1,3,大井　　　　　　　　
5499,1,3,兵庫　　　　　　　　
5500,1,4,アラブ首長国連邦　　
5501,1,3,栃木　　　　　　　　
5502,1,3,愛知　　　　　　　　
5503,1,3,大井　　　　　　　　
5504,1,3,大井　　　　　　　　
5505,1,4,アメリカ　　　　　　
5506,1,3,大井　　　　　　　　
5507,1,3,愛知　　　　　　　　
5508,1,3,大井　　　　　　　　
5510,1,3,佐賀　　　　　　　　
5511,1,3,金沢　　　　　　　　
5512,1,3,北海道　　　　　　　
5513,1,4,香港　　　　　　　　
5514,1,4,イギリス　　　　　　
5515,1,4,イギリス　　　　　　
5516,1,3,浦和　　　　　　　　
5517,1,4,フランス　　　　　　
5518,1,4,アイルランド　　　　
5519,1,4,イギリス　　　　　　
5520,1,4,フランス　　　　　　
5521,2,4,イギリス　　　　　　
5522,2,4,アメリカ　　　　　　
5523,1,3,金沢　　　　　　　　
5524,1,3,川崎　　　　　　　　
5525,1,3,栃木　　　　　　　　
5526,1,3,船橋　　　　　　　　
5527,1,3,川崎　　　　　　　　
5528,1,3,兵庫　　　　　　　　
5529,1,3,兵庫　　　　　　　　
5530,1,3,兵庫　　　　　　　　
5531,1,3,兵庫　　　　　　　　
5532,1,3,川崎　　　　　　　　
5533,1,3,兵庫　　　　　　　　
5534,1,3,兵庫　　　　　　　　
5535,1,3,船橋　　　　　　　　
5536,1,3,大井　　　　　　　　
5537,1,4,オーストラリア　　　
5538,1,4,ニュージーランド　　
5539,1,4,フランス　　　　　　
5540,1,3,笠松　　　　　　　　
5541,1,3,大井　　　　　　　　
5542,1,3,愛知　　　　　　　　
5543,1,3,船橋　　　　　　　　
5544,1,3,笠松　　　　　　　　
5545,1,3,船橋　　　　　　　　
5546,1,3,大井　　　　　　　　
5547,1,3,荒尾　　　　　　　　
5548,1,3,荒尾　　　　　　　　
5549,1,3,金沢　　　　　　　　
5550,1,3,荒尾　　　　　　　　
5551,1,3,北海道　　　　　　　
5552,1,3,川崎　　　　　　　　
5553,1,3,金沢　　　　　　　　
5554,1,4,イギリス　　　　　　
5555,1,3,岩手　　　　　　　　
5556,1,3,金沢　　　　　　　　
5557,1,3,兵庫　　　　　　　　
5558,1,4,イギリス　　　　　　
5559,1,4,イギリス　　　　　　
5560,1,4,アメリカ　　　　　　
5561,1,4,フランス　　　　　　
5562,1,3,浦和　　　　　　　　
5563,1,3,大井　　　　　　　　
5564,1,3,大井　　　　　　　　
5565,1,3,船橋　　　　　　　　
5566,1,3,大井　　　　　　　　
5567,1,3,兵庫　　　　　　　　
5568,1,3,大井　　　　　　　　
5569,1,3,川崎　　　　　　　　
5570,1,3,大井　　　　　　　　
5571,1,3,大井　　　　　　　　
5572,1,3,愛知　　　　　　　　
5573,1,3,大井　　　　　　　　
5574,1,3,兵庫　　　　　　　　
5575,1,3,船橋　　　　　　　　
5576,1,4,香港　　　　　　　　
5577,1,4,香港　　　　　　　　
5578,1,3,北海道　　　　　　　
5579,1,3,川崎　　　　　　　　
5580,1,3,高知　　　　　　　　
5581,1,4,オーストラリア　　　
5582,1,4,イギリス　　　　　　
5583,1,4,イギリス　　　　　　
5584,1,3,大井　　　　　　　　
5585,1,3,岩手　　　　　　　　
5586,1,3,兵庫　　　　　　　　
5587,1,4,ニュージーランド　　
5588,1,3,愛知　　　　　　　　
5589,1,3,船橋　　　　　　　　
5590,1,3,兵庫　　　　　　　　
5591,1,3,浦和　　　　　　　　
5592,1,3,川崎　　　　　　　　
5593,1,3,大井　　　　　　　　
5594,1,3,大井　　　　　　　　
5595,1,3,浦和　　　　　　　　
5596,1,4,アメリカ　　　　　　
5597,1,4,イギリス　　　　　　
5598,1,4,ドイツ　　　　　　　
5599,1,3,兵庫　　　　　　　　
5600,1,3,兵庫　　　　　　　　
5601,1,3,佐賀　　　　　　　　
5602,1,3,大井　　　　　　　　
5603,1,3,川崎　　　　　　　　
5604,1,3,愛知　　　　　　　　
5605,1,3,福山　　　　　　　　
5606,1,3,船橋　　　　　　　　
5607,1,3,大井　　　　　　　　
5608,1,4,アメリカ　　　　　　
5610,1,3,金沢　　　　　　　　
5611,1,4,香港　　　　　　　　
5612,1,3,大井　　　　　　　　
5613,1,3,大井　　　　　　　　
5614,1,3,岩手　　　　　　　　
5615,1,3,北海道　　　　　　　
5616,1,3,北海道　　　　　　　
5617,1,4,フランス　　　　　　
5618,1,4,カナダ　　　　　　　
5619,1,4,イギリス　　　　　　
5620,1,4,アメリカ　　　　　　
5621,1,4,アメリカ　　　　　　
5622,1,3,大井　　　　　　　　
5623,1,3,兵庫　　　　　　　　
5624,1,3,佐賀　　　　　　　　
5625,1,3,大井　　　　　　　　
5626,1,4,オーストラリア　　　
5627,1,3,川崎　　　　　　　　
5628,1,3,船橋　　　　　　　　
5629,1,3,大井　　　　　　　　
5631,1,4,オーストラリア　　　
5632,1,4,フランス　　　　　　
5633,1,4,アメリカ　　　　　　
5634,1,4,イギリス　　　　　　
5635,1,4,アメリカ　　　　　　
5636,1,3,大井　　　　　　　　
5637,1,3,兵庫　　　　　　　　
5638,1,3,大井　　　　　　　　
5639,1,3,兵庫　　　　　　　　
5640,2,4,オーストラリア　　　
5641,1,3,大井　　　　　　　　
5642,1,3,船橋　　　　　　　　
5643,1,4,香港　　　　　　　　
5644,1,3,兵庫　　　　　　　　
5645,1,3,川崎　　　　　　　　
5646,1,3,船橋　　　　　　　　
5647,1,3,船橋　　　　　　　　
5648,1,3,船橋　　　　　　　　
5649,1,4,香港　　　　　　　　
5650,2,3,金沢　　　　　　　　
5651,1,3,浦和　　　　　　　　
5652,1,4,フランス　　　　　　
5653,1,4,フランス　　　　　　
5654,1,3,岩手　　　　　　　　
5655,1,3,大井　　　　　　　　
5656,1,3,浦和　　　　　　　　
5657,1,3,兵庫　　　　　　　　
5658,1,4,フランス　　　　　　
5659,1,3,大井　　　　　　　　
5660,1,3,北海道　　　　　　　
5661,1,3,佐賀　　　　　　　　
5662,1,3,大井　　　　　　　　
5663,1,3,高知　　　　　　　　
5664,1,4,シンガポール　　　　
5665,1,4,イギリス　　　　　　
5666,1,4,アメリカ　　　　　　
5667,1,3,大井　　　　　　　　
5668,1,3,愛知　　　　　　　　
5669,1,3,船橋　　　　　　　　
5670,1,3,川崎　　　　　　　　
5671,1,3,愛知　　　　　　　　
5672,1,3,大井　　　　　　　　
5673,1,3,大井　　　　　　　　
5674,1,3,大井　　　　　　　　
5675,1,3,笠松　　　　　　　　
5676,1,4,香港　　　　　　　　
5677,1,4,シンガポール　　　　
5678,1,4,フランス　　　　　　
5679,1,4,イギリス　　　　　　
5680,1,4,イギリス　　　　　　
5681,1,3,船橋　　　　　　　　
5682,1,4,アイルランド　　　　
5683,1,3,岩手　　　　　　　　
5684,1,3,佐賀　　　　　　　　
5685,1,3,岩手　　　　　　　　
5686,1,4,アメリカ　　　　　　
5687,1,3,川崎　　　　　　　　
5689,1,3,北海道　　　　　　　
5690,1,3,佐賀　　　　　　　　
5692,1,4,アイルランド　　　　
5693,1,4,カナダ　　　　　　　
5694,1,4,ドイツ　　　　　　　
5695,1,4,アメリカ　　　　　　
5696,1,3,大井　　　　　　　　
5697,1,3,笠松　　　　　　　　
5698,1,3,大井　　　　　　　　
5699,1,4,香港　　　　　　　　
5700,1,3,兵庫　　　　　　　　
5701,1,4,フランス　　　　　　
5702,1,3,兵庫　　　　　　　　
5703,1,3,川崎　　　　　　　　
5704,1,3,兵庫　　　　　　　　
5705,1,3,笠松　　　　　　　　
5707,1,3,兵庫　　　　　　　　
5708,1,3,笠松　　　　　　　　
5709,1,3,岩手　　　　　　　　
5710,1,4,ドイツ　　　　　　　
5711,1,3,大井　　　　　　　　
5712,1,3,大井　　　　　　　　
5714,1,3,船橋　　　　　　　　
5715,1,3,兵庫　　　　　　　　
5716,1,3,笠松　　　　　　　　
5717,1,3,船橋　　　　　　　　
5718,1,3,兵庫　　　　　　　　
5719,1,3,船橋　　　　　　　　
5722,1,3,船橋　　　　　　　　
5723,1,3,北海道　　　　　　　
